Year,Area1,Area2,Area3,Area4,Area5,Area6,Area7,Area8,Area9,CV1,CV2,CV3,CV4,CV5,CV6,CV7,CV8,CV9
2003,1287793.95,5162734.88,418.38,14406214.74,230143.08,2143671.18,6772608.3,7704.67,1027906.76,0.78213,0.38423,0.593482,0.272855,0.667022,0.446228,0.332929,0.802067,0.757855
2004,98075.97,7237284.72,66793.29,23117269.21,9068.04,7840973.81,22467149.05,33901.73,549.28,0.88154,0.299189,0.994246,0.416048,0.971773,0.477471,0.327518,0.996383,1
2005,801408.58,5889691.7,1438.21,20079954.1,70188.62,8921068.73,4452482.21,1021.03,1645720.51,0.57369,0.349411,0.822322,0.561923,0.714724,0.804926,0.334624,0.706654,0.958249
2006,120981.84,6800040.45,1357.9,6653195.63,320960.77,1533975.94,8546752.41,12250.08,1350277.74,0.746896,0.321439,0.856317,0.443901,0.938006,0.596937,0.296396,0.980693,0.622393
2007,1410653.2,8362637.56,100168.71,15664426.82,26514.21,13915769.25,16801679.29,676959.49,2843317.44,0.476843,0.35952,0.932033,0.2042,0.760601,0.718212,0.532199,0.702395,0.791438
