Year,Area1,Area2,Area3,Area4,CV1,CV2,CV3,CV4
2003,1287793.95,5162734.88,418.38,14406214.74,0.78213,0.38423,0.593482,0.272855
2004,98075.97,7237284.72,66793.29,23117269.21,0.88154,0.299189,0.994246,0.416048
2005,801408.58,5889691.7,1438.21,20079954.1,0.57369,0.349411,0.822322,0.561923
2006,120981.84,6800040.45,1357.9,6653195.63,0.746896,0.321439,0.856317,0.443901
2007,1410653.2,8362637.56,100168.71,15664426.82,0.476843,0.35952,0.932033,0.2042
