Year,Area1,Area2,CV1,CV2
2003,1287793.95,5162734.88,0.78213,0.38423
2004,98075.97,7237284.72,0.88154,0.299189
2005,801408.58,5889691.7,0.57369,0.349411
2006,120981.84,6800040.45,0.746896,0.321439
2007,1410653.2,8362637.56,0.476843,0.35952
